<?xml version="1.0" encoding="UTF-8"?>
<!--
     Copyright (c) 2005, 2011 IBM Corporation and others.
     All rights reserved. This program and the accompanying materials
     are made available under the terms of the Eclipse Public License v1.0
     which accompanies this distribution, and is available at
     http://www.eclipse.org/legal/epl-v10.html
    
     Contributors:
         IBM Corporation - initial API and implementation
 -->
<feature
      id="org.eclipse.rse.ftp"
      label="%featureName"
      version="3.0.301.R33x_v201109141647-782F8O9KC92gz097E9EKF23225"
      provider-name="%providerName"
      plugin="org.eclipse.rse.services.files.ftp">

   <description>
      %description
   </description>

   <copyright url="http://www.eclipse.org/legal/epl-v10.html">
      %copyright
   </copyright>

   <license url="%licenseURL">
      %license
   </license>

   <url>
      <update label="%tmUpdateSiteName" url="http://download.eclipse.org/tm/updates/3.3"/>
      <discovery label="%tmUpdateSiteName" url="http://download.eclipse.org/tm/updates/3.3"/>
   </url>

   <requires>
      <import plugin="org.eclipse.core.resources"/>
      <import plugin="org.eclipse.core.runtime"/>
      <import plugin="org.eclipse.ui"/>
      <import plugin="org.eclipse.ui.console"/>
      <import plugin="org.apache.commons.net" version="2.0.0" match="compatible"/>
      <import plugin="org.eclipse.rse.services" version="3.0.0" match="compatible"/>
      <import plugin="org.eclipse.rse.subsystems.files.core" version="3.0.0" match="compatible"/>
      <import plugin="org.eclipse.rse.ui" version="3.0.0" match="compatible"/>
   </requires>

   <plugin
         id="org.apache.commons.net"
         download-size="82"
         install-size="228"
         version="2.2.0.v201101241833"
         unpack="false"/>

   <plugin
         id="org.eclipse.rse.services.files.ftp"
         download-size="11"
         install-size="18"
         version="3.0.300.v201101042155"
         unpack="false"/>

   <plugin
         id="org.eclipse.rse.subsystems.files.ftp"
         download-size="5"
         install-size="13"
         version="2.1.301.R33x_v201107212114"
         unpack="false"/>

</feature>
