<?xml version="1.0" encoding="UTF-8"?>
<!--
     Copyright (c) 2006, 2011 Wind River Systems, Inc. and others.
     All rights reserved. This program and the accompanying materials
     are made available under the terms of the Eclipse Public License v1.0
     which accompanies this distribution, and is available at
     http://www.eclipse.org/legal/epl-v10.html
    
     Contributors:
         Wind River - initial API and implementation
         Uwe Stieber (Wind River) - [282996] [terminal][api] Add "hidden" attribute to terminal connector extension point
 -->
<feature
      id="org.eclipse.tm.terminal"
      label="%featureName"
      version="3.1.1.R33x_v201106281309-4007S44yaw312218292641"
      provider-name="%providerName">

   <description>
      %description
   </description>

   <copyright>
      %copyright
   </copyright>

   <license url="%licenseURL">
      %license
   </license>

   <url>
      <update label="%tmUpdateSiteName" url="http://download.eclipse.org/tm/updates/3.3"/>
      <discovery label="%tmUpdateSiteName" url="http://download.eclipse.org/tm/updates/3.3"/>
   </url>

   <requires>
      <import plugin="org.eclipse.core.runtime"/>
      <import plugin="org.eclipse.ui"/>
   </requires>

   <plugin
         id="org.eclipse.tm.terminal"
         download-size="56"
         install-size="56"
         version="3.1.1.R33x_v201107181530"
         unpack="false"/>

</feature>
